date,fedfunds,permit,year,month,rate_change,permit_pct_change,period
2019-01-01,2.4,1254.0,2019,1,,,Pre-COVID
2019-02-01,2.4,1286.0,2019,2,0.0,2.551834130781505,Pre-COVID
2019-03-01,2.41,1295.0,2019,3,0.010000000000000231,0.6998444790046632,Pre-COVID
2019-04-01,2.42,1322.0,2019,4,0.009999999999999787,2.0849420849420763,Pre-COVID
2019-05-01,2.39,1347.0,2019,5,-0.029999999999999805,1.8910741301058964,Pre-COVID
2019-06-01,2.38,1299.0,2019,6,-0.010000000000000231,-3.563474387527843,Pre-COVID
2019-07-01,2.4,1379.0,2019,7,0.020000000000000018,6.158583525789063,Pre-COVID
2019-08-01,2.13,1482.0,2019,8,-0.27,7.469180565627265,Pre-COVID
2019-09-01,2.04,1469.0,2019,9,-0.08999999999999986,-0.8771929824561431,Pre-COVID
2019-10-01,1.83,1523.0,2019,10,-0.20999999999999996,3.6759700476514556,Pre-COVID
2019-11-01,1.55,1535.0,2019,11,-0.28,0.7879185817465606,Pre-COVID
2019-12-01,1.55,1443.0,2019,12,0.0,-5.993485342019545,Pre-COVID
2020-01-01,1.55,1495.0,2020,1,0.0,3.603603603603611,Pandemic
2020-02-01,1.58,1455.0,2020,2,0.030000000000000027,-2.6755852842809347,Pandemic
2020-03-01,0.65,1346.0,2020,3,-0.93,-7.491408934707899,Pandemic
2020-04-01,0.05,1076.0,2020,4,-0.6,-20.0594353640416,Pandemic
2020-05-01,0.05,1250.0,2020,5,0.0,16.17100371747211,Pandemic
2020-06-01,0.08,1334.0,2020,6,0.03,6.719999999999993,Pandemic
2020-07-01,0.09,1546.0,2020,7,0.009999999999999995,15.892053973013498,Pandemic
2020-08-01,0.1,1533.0,2020,8,0.010000000000000009,-0.8408796895213455,Pandemic
2020-09-01,0.09,1636.0,2020,9,-0.010000000000000009,6.7188519243313705,Pandemic
2020-10-01,0.09,1613.0,2020,10,0.0,-1.4058679706601462,Pandemic
2020-11-01,0.09,1703.0,2020,11,0.0,5.5796652200867936,Pandemic
2020-12-01,0.09,1752.0,2020,12,0.0,2.877275396359358,Pandemic
2021-01-01,0.09,1855.0,2021,1,0.0,5.8789954337899575,Pandemic
2021-02-01,0.08,1711.0,2021,2,-0.009999999999999995,-7.762803234501348,Pandemic
2021-03-01,0.07,1756.0,2021,3,-0.009999999999999995,2.630040911747522,Pandemic
2021-04-01,0.07,1721.0,2021,4,0.0,-1.9931662870159461,Pandemic
2021-05-01,0.06,1703.0,2021,5,-0.010000000000000009,-1.045903544450899,Pandemic
2021-06-01,0.08,1654.0,2021,6,0.020000000000000004,-2.877275396359369,Pandemic
2021-07-01,0.1,1658.0,2021,7,0.020000000000000004,0.24183796856105388,Pandemic
2021-08-01,0.09,1736.0,2021,8,-0.010000000000000009,4.704463208685161,Pandemic
2021-09-01,0.08,1640.0,2021,9,-0.009999999999999995,-5.5299539170506895,Pandemic
2021-10-01,0.08,1707.0,2021,10,0.0,4.085365853658529,Pandemic
2021-11-01,0.08,1765.0,2021,11,0.0,3.397773872290566,Pandemic
2021-12-01,0.08,1919.0,2021,12,0.0,8.725212464589237,Pandemic
2022-01-01,0.08,1920.0,2022,1,0.0,0.052110474205324664,Rate Hikes
2022-02-01,0.08,1857.0,2022,2,0.0,-3.281250000000002,Rate Hikes
2022-03-01,0.2,1868.0,2022,3,0.12000000000000001,0.5923532579429125,Rate Hikes
2022-04-01,0.33,1859.0,2022,4,0.13,-0.48179871520342976,Rate Hikes
2022-05-01,0.77,1704.0,2022,5,0.44,-8.337816030123724,Rate Hikes
2022-06-01,1.21,1737.0,2022,6,0.43999999999999995,1.936619718309851,Rate Hikes
2022-07-01,1.68,1703.0,2022,7,0.47,-1.9573978123200941,Rate Hikes
2022-08-01,2.33,1557.0,2022,8,0.6500000000000001,-8.573106283029952,Rate Hikes
2022-09-01,2.56,1600.0,2022,9,0.22999999999999998,2.7617212588310958,Rate Hikes
2022-10-01,3.08,1594.0,2022,10,0.52,-0.3750000000000031,Rate Hikes
2022-11-01,3.78,1401.0,2022,11,0.6999999999999997,-12.107904642409029,Rate Hikes
2022-12-01,4.1,1410.0,2022,12,0.31999999999999984,0.6423982869379063,Rate Hikes
2023-01-01,4.33,1410.0,2023,1,0.23000000000000043,0.0,Rate Hikes
2023-02-01,4.57,1618.0,2023,2,0.2400000000000002,14.75177304964539,Rate Hikes
2023-03-01,4.65,1480.0,2023,3,0.08000000000000007,-8.52904820766378,Rate Hikes
2023-04-01,4.83,1474.0,2023,4,0.17999999999999972,-0.40540540540540126,Rate Hikes
2023-05-01,5.06,1575.0,2023,5,0.22999999999999954,6.852103120759834,Rate Hikes
2023-06-01,5.08,1464.0,2023,6,0.020000000000000462,-7.0476190476190474,Rate Hikes
2023-07-01,5.12,1522.0,2023,7,0.040000000000000036,3.9617486338797914,Rate Hikes
2023-08-01,5.33,1561.0,2023,8,0.20999999999999996,2.562417871222067,Rate Hikes
2023-09-01,5.33,1537.0,2023,9,0.0,-1.5374759769378632,Rate Hikes
2023-10-01,5.33,1528.0,2023,10,0.0,-0.5855562784645385,Rate Hikes
2023-11-01,5.33,1503.0,2023,11,0.0,-1.63612565445026,Rate Hikes
2023-12-01,5.33,1519.0,2023,12,0.0,1.0645375914837052,Rate Hikes
2024-01-01,5.33,1545.0,2024,1,0.0,1.7116524028966351,2024
2024-02-01,5.33,1577.0,2024,2,0.0,2.071197411003234,2024
2024-03-01,5.33,1476.0,2024,3,0.0,-6.404565630944836,2024
2024-04-01,5.33,1459.0,2024,4,0.0,-1.1517615176151796,2024
2024-05-01,5.33,1407.0,2024,5,0.0,-3.5640849897189852,2024
2024-06-01,5.33,1461.0,2024,6,0.0,3.837953091684443,2024
2024-07-01,5.33,1436.0,2024,7,0.0,-1.7111567419575646,2024
2024-08-01,5.33,1476.0,2024,8,0.0,2.785515320334264,2024
2024-09-01,5.13,1434.0,2024,9,-0.20000000000000018,-2.8455284552845517,2024
2024-10-01,4.83,1428.0,2024,10,-0.2999999999999998,-0.4184100418409997,2024
2024-11-01,4.64,1508.0,2024,11,-0.1900000000000004,5.602240896358546,2024
2024-12-01,4.48,1480.0,2024,12,-0.15999999999999925,-1.8567639257294433,2024
